,STD_Months
0,September
1,January
2,April
3,March
4,September
5,April
6,December
7,November
8,January
9,March
10,August
11,October
12,April
13,June
14,November
15,June
16,May
17,February
18,July
19,August
20,April
21,December
22,May
23,April
24,May
25,November
26,June
27,October
28,September
29,August
30,January
31,January
32,November
33,December
34,December
35,December
36,January
37,February
38,May
39,May
40,November
41,September
42,June
43,August
44,September
45,February
46,December
47,October
48,May
49,June
50,July
51,April
52,March
53,November
54,August
55,September
56,May
57,May
58,February
59,July
60,April
61,January
62,August
63,February
64,January
65,June
66,May
67,October
68,November
69,December
70,December
71,August
72,October
73,March
74,October
75,January
76,March
77,June
78,June
79,March
80,December
81,February
82,July
83,March
84,July
85,October
86,April
87,April
88,December
89,July
90,February
91,October
92,October
93,July
94,November
95,February
96,November
97,March
98,March
99,October
100,March
101,November
102,April
103,July
104,September
105,July
106,August
107,September
108,May
109,September
110,August
111,June
112,July
113,January
114,June
115,February
116,February
117,September
118,August
119,January
